Name,Location,Brand,Gender,      Age,Reviews
Ignatius Page,India,Amazon,Female,19,Good size
Lysandra Carter,Ukraine,Amazon,Male,28,Love this tablet!
Isabella Hoffman,United States,Amazon,Male,21,bigger screen!
Odysseus Salinas,Philippines,Amazon,Male,22,Daughter Loves This Tablet
Ivory Rowland,Colombia,Amazon,Male,25,works fine for my youngest
Addison Mercer,Ukraine,Amazon,Female,22,A MUST if you have Amazon Prime
Elijah Robinson,China,Amazon,Male,20,Christmas present
Hannah Pennington,Colombia,Amazon,Female,29,Great tablet for kids
Jonah Bowers,Pakistan,Amazon,Female,27,Works very well especially for non tech people
Vivian Carter,South Korea,Amazon,Female,18,This tablet its awesome !!!!
Suki Branch,China,Amazon,Female,27,Great
Sebastian Barton,South Korea,Amazon,Male,25,Best Bang For Your Money
Jessica Le,France,Amazon,Female,25,Great entry tablet for the price
Lenore Blevins,Peru,Amazon,Male,28,Great product
Samuel King,Poland,Amazon,Male,28,Machine meets all expectations
Kasimir Petersen,Brazil,Amazon,Female,25,Returned it.. SLOW!!!
Benedict Holland,United States,Amazon,Male,25,"Headphones nice, not so nice battery though"
Olivia Patterson,Russian Federation,Amazon,Female,23,Priced Right
Duncan Mueller,Sweden,Amazon,Male,19,Good for the money
Carla Ferrell,France,Amazon,Female,27,Good graphics and very easy to use
Brennan Ayala,South Africa,Amazon,Female,26,Absolutely Great Start Up Tablet
Teegan Davis,United Kingdom,Amazon,Female,25,Great protection if it doesn't damage the Kindle first!
Cheryl Sweet,Mexico,Amazon,Female,29,very good fit and some protection for Kindle DX
Marah Calderon,Belgium,Amazon,Female,25,Eventually Your Kindle Will Crack
Claudia Phelps,Italy,Amazon,Male,30,Product appears to be updated
Lysandra Calderon,Nigeria,Amazon,Male,21,"Great at first, warped within 3 months"
Madonna Moreno,Russian Federation,Amazon,Female,28,Surpassed expectation
Aaron Nunez,Indonesia,Amazon,Female,29,Not Necessary
Florence Padilla,China,Amazon,Male,24,Not appreciably faster than any other 1.8A charger
Nash Sanford,Russian Federation,Amazon,Female,22,Super fast at streaming
